0,0,0,0,0,-1.5707963267948966,0.7853981633974483,0
0.0,0.0,0.0,2.4524732320411726e-18,-0.08568602823081127,-1.4661390875461433,0.74270144148908546,-1.8891500109093725e-18
-4.8036495999251302e-08,7.5785931497620978e-06,1.3569428244224608e-07,-5.1193817267561903e-05,-0.16943464737656871,-1.3580121781508263,0.69538973586666319,9.7866749196387575e-10
-2.3301518211689756e-07,2.4488122234668005e-05,6.5808494487748655e-07,-0.00015043130893163263,-0.25231203646328093,-1.2454581826364761,0.64347287488601368,-7.5936257635495876e-07
-6.3216781756945527e-07,5.3318882535836159e-05,1.7848362796381803e-06,-0.00029471442124408211,-0.3351263637327902,-1.1275470111129768,0.5868084123444387,-2.8468803175012159e-06
-1.3097118737358581e-06,9.8020211318396226e-05,3.6962942831583081e-06,-0.00048115156515584679,-0.41876444780385658,-1.0029617890638154,0.52494713707444896,-6.6693433027713832e-06
-2.314990342895328e-06,0.0001649392415272866,6.5300107939577527e-06,-0.00070689822015647331,-0.50426916385290099,-0.86983673837319608,0.45704757193277473,-1.2506475550831559e-05
-3.6790936597718876e-06,0.00026503431949031385,1.0370867367898207e-05,-0.00096905643881972756,-0.59292897155380686,-0.72551681157696102,0.38172511091351119,-2.0533448267566358e-05
-5.4071833168634498e-06,0.00041907521656037839,1.5228714427101673e-05,-0.0012644592368647046,-0.68632601517159797,-0.56629649710972074,0.29683890756482262,-3.0838882779980116e-05
-7.4576569948236686e-06,0.00067127908033268581,2.0977771247725084e-05,-0.001589112300029846,-0.78593342288827139,-0.38783692446286755,0.19950626313644912,-4.3437463062377991e-05
-9.6793548804909367e-06,0.0011267348538206859,2.7174077570581287e-05,-0.0019366075898226965,-0.8895941917579796,-0.19152745668230031,0.088943088192419945,-5.8275162799683897e-05
-1.1688386353109292e-05,0.0019993351704734649,3.2697422319454569e-05,-0.0022956318363334168,-0.97182087228941261,-0.025853942370023003,-0.011868176168633449,-7.5219642729349898e-05
-1.3325448425901275e-05,0.003245301901140904,3.7080072577351807e-05,-0.0026640431929747686,-0.9833445188180252,-0.0018296621530506305,-0.041198676378068289,-9.4032751999958408e-05
-1.482753452557478e-05,0.004605035785817984,4.1005997078809333e-05,-0.0030497846955702314,-0.98227366748407874,-0.0054807767358263735,-0.05492873475801964,-0.00011447231541111079
-1.6087413147259947e-05,0.0060713665603388802,4.4159295387562197e-05,-0.0034509394140103317,-0.98362543823655046,-0.00473167456544611,-0.070131413789118094,-0.00013637544447882012
-1.6973473661824015e-05,0.0076432775522785714,4.6153333696373082e-05,-0.0038654183391171517,-0.98500154040926302,-0.00468561816023382,-0.084115877803887878,-0.00015956629639366987
-1.7340296365989008e-05,0.0093195583393696699,4.656143875274076e-05,-0.0042912255326333516,-0.98675722058446547,-0.0045380638633798591,-0.09734513851488831,-0.00018385776329250594
-1.702854217308546e-05,0.011099068711756985,4.4916566150570748e-05,-0.0047264395076897277,-0.98881616082631407,-0.0044105342059160028,-0.10978729716133596,-0.0002090549156741491
-1.5865516891141398e-05,0.01298067891032248,4.0712930084640665e-05,-0.0051692109970973236,-0.99116752236084182,-0.0042849880588293112,-0.12148414303154922,-0.00023495774737968184
-1.3665576536893912e-05,0.014963282046094635,3.3407172695628062e-05,-0.0056177579571963059,-0.99379149146058188,-0.0041635956335919575,-0.13246584455580573,-0.00026136345463711335
-1.0230570254188412e-05,0.017045794580520073,2.2419643938299591e-05,-0.0060703618365341829,-0.99667003166103429,-0.0040457715294427554,-0.14276317565585128,-0.00028806830648553421
-5.3502913204143381e-06,0.019227157466388603,7.1357061062589617e-06,-0.0065253643445755951,-0.99978545278466213,-0.003931322373014301,-0.15240581034113856,-0.00031486917985958622
1.1970566180738578e-06,0.021506336240636865,-1.3092916331277108e-05,-0.0069811647203725487,-1.0031206342093428,-0.00382003320020286,-0.16142252397599166,-0.00034156481457539247
9.6443776246540819e-06,0.023882320457132084,-3.8946740327749669e-05,-0.0074362174032517664,-1.0066590267945636,-0.0037117157377482132,-0.16984115365759722,-0.00036795683374062522
2.0235185038701848e-05,0.026354122546824812,-7.1137078953255453e-05,-0.0078890300369138869,-1.0103846754407666,-0.003606200253077365,-0.17768859407118526,-0.0003938505667459032
3.3223086334021641e-05,0.028920776221471493,-0.00011040454666794668,-0.0083381617468350367,-1.0142822331973764,-0.0035033341440273585,-0.18499079474523802,-0.00041905570542448596
4.8871251498664349e-05,0.031581334522173966,-0.00015751751588757984,-0.0087822216400933809,-1.0183369707134367,-0.0034029800006592837,-0.19177276219025574,-0.00044338681870054284
6.7451865555626821e-05,0.034334867604127961,-0.00021327052668120746,-0.0092198674842962763,-1.0225347811023089,-0.0033050139082652923,-0.19805856608987754,-0.00046666374681441139
8.9245566178461553e-05,0.037180460338559526,-0.00027848265241133755,-0.0096498045287556292,-1.026862180703535,-0.0032093239022309141,-0.20387134915964861,-0.00048871189279556162
0.00011454086763889107,0.040117209802769199,-0.00035399582494695939,-0.010070784436651242,-1.0313063061854926,-0.0031158085715220331,-0.20923334024179122,-0.00050936242609116817
0.00014363357255767925,0.043144222719599987,-0.00044067312375865809,-0.010481604301769412,-1.0358549084277624,-0.0030243758000264801,-0.21416587021630865,-0.00052845241099970411
0.00017682617311692996,0.046260612898631558,-0.00053939703374919598,-0.010881105727631877,-1.0404963436063512,-0.0029349416359999961,-0.2186893903232317,-0.00054582487071821529
0.00021442724353632118,0.049465498723062981,-0.00065106767709109073,-0.011268173950534428,-1.0452195618841005,-0.0028474292801012866,-0.22282349251113151,-0.0005613287962954451
0.00025675082571927158,0.052758000718629516,-0.00077660102464510131,-0.011641736991252276,-1.0500140940838265,-0.0027617681828302778,-0.22658693145121603,-0.00057481910853037182
0.00030411581004263538,0.056137239234023945,-0.00091692709272922035,-0.012000764823016154,-1.0548700366943415,-0.0026778932424987201,-0.22999764788317303,-0.00058615657981142533
0.00035684531329822531,0.059602332256155292,-0.0010729881311119648,-0.01234426854583553,-1.0597780355305748,-0.0025957440952292465,-0.23307279298723396,-0.00059520772202079715
0.00041526605580030076,0.063152393378156382,-0.0012457368081180828,-0.012671299559423714,-1.06472926833948,-0.0025152644888457531,-0.23582875350588006,-0.00060184464588952755
0.00047970773965320365,0.066786529933308594,-0.0014361343986810139,-0.012980948728850819,-1.069715426614019,-0.0024364017329404548,-0.23828117736735088,-0.00060594489656389319
0.00055050243013234318,0.070503841303946074,-0.0016451489810552636,-0.013272345538679696,-1.0747286968488394,-0.0023591062178160596,-0.24044499959117141,-0.00060739126960897326
0.00062798394207084769,0.074303417410878786,-0.00187375364772804,-0.013544657232735216,-1.0797617414437584,-0.0022833309954588626,-0.24233446828274582,-0.00060607161120558855
0.00071248723306880919,0.078184337385884553,-0.0021229247358490943,-0.01379708793784612,-1.084807679435164,-0.0022090314161405671,-0.24396317054942485,-0.00060187860589763244
0.00080434780525347692,0.082145668427308943,-0.0023936400822405805,-0.014028877770905257,-1.0898600672111365,-0.0021361648147143505,-0.24534405819410465,-0.00059470955488631866
0.00090390111722005965,0.086186464836726581,-0.0026868773077640441,-0.014239301929423681,-1.0949128793436504,-0.0020646902411181763,-0.24648947306422012,-0.00058446614755562967
0.0010114820076758473,0.090305767232909145,-0.003003612135507483,-0.014427669766460191,-1.0999604896506656,-0.0019945682300401887,-0.24741117195392026,-0.00057105422862203698
0.0011274241321987057,0.094502601937964503,-0.0033448167469350295,-0.014593323851345917,-1.1049976525822822,-0.0019257606051456715,-0.24812035097523749,-0.00055438356305624842
0.0012520594144039519,0.098775980529417745,-0.003711458179796282,-0.014735639018089176,-1.1100194850083756,-0.0018582303136725248,-0.24862766933023345,-0.00053436760068494189
0.0013857175126960758,0.10312489955115535,-0.0041044967712541161,-0.014854021403665128,-1.1150214484701717,-0.0017919412875935586,-0.24894327243051387,-0.00051092324217152062
0.0015287253036612048,0.10754834037551514,-0.0045248846493367023,-0.014947907478661898,-1.1199993319449739,-0.0017268583279362131,-0.24907681432319925,-0.00048397060788004249
0.0016814063830384574,0.11204526920834426,-0.0049735642754768364,-0.015016763072914965,-1.124949235161623,-0.0016629470091756933,-0.24903747939359169,-0.000453432810946112
0.0018440805850900019,0.11661463722853636,-0.0054514670405562769,-0.01506008239887514,-1.1298675524940986,-0.0016001736009691018,-0.24883400332445085,-0.00041923573571649392
0.0020170635210752289,0.12125538085337441,-0.0059595119165393685,-0.015077387075495051,-1.1347509574518932,-0.0015385050047809611,-0.2484746933001459,-0.00038130782255991455
0.0022006661374218196,0.12596642212092377,-0.0064986041654524346,-0.015068225155419645,-1.13959638777822,-0.001477908703243046,-0.24796744745108759,-0.00033957985991423352
0.0023951942940796138,0.13074666918072517,-0.0070696341071506026,-0.015032170158218764,-1.1444010311607014,-0.0014183527203244989,-0.24731977353989368,-0.00029398478430246776
0.0026009483634376589,0.13559501688411008,-0.007673475947009718,-0.014968820112323387,-1.1491623115537328,-0.0013598055906480972,-0.24653880689580293,-0.00024445748892254574
0.0028182228500886735,0.1405103474655921,-0.0083109866643954634,-0.014877796608208375,-1.1538778761071995,-0.001302236336470091,-0.24563132760806786,-0.00019093464131254005
0.0030473060316278892,0.14549153130696207,-0.00898300496248065,-0.014758743865248962,-1.1585455826924731,-0.001245614451040835,-0.24460377699247579,-0.00013335451047823813
0.003288479620588662,0.15053742777592513,-0.0096903502797327963,-0.014611327814505458,-1.1631634880135691,-0.0011899098872365887,-0.24346227334791906,-7.1656803780483516e-05
0.0035420184475315562,0.15564688613135472,-0.01043382186314297,-0.014435235199544641,-1.1677298362889112,-0.0011350930504928224,-0.24221262702210089,-5.782513787019216e-06
0.0038081901652279719,0.16081874648749706,-0.011214197903046209,-0.014230172697219764,-1.1722430484872435,-0.0010811347952086655,-0.24086035480713289,6.4326224785569695e-05
0.0040872549738080396,0.16605184082973187,-0.012032234729173768,-0.013995866060151404,-1.1767017120997803,-0.0010280064239130253,-0.23941069368699164,0.00013872626798929749
0.0043794653666767245,0.17134499407477913,-0.012888666067384785,-0.013732059282464851,-1.1811045714296386,-0.00097567968858141825,-0.23786861395965853,0.00021747358543785505
0.0046850658969426837,0.17669702516853175,-0.013784202356350412,-0.013438513790147688,-1.1854505183788715,-0.00092412679358981782,-0.23623883175728386,0.00030062337305272193
0.0050042929640500694,0.18210674821498929,-0.014719530123303945,-0.013115007657209528,-1.1897385837129983,-0.00087332039986802207,-0.23452582098797192,0.00038823015589412653
0.005337374620255594,0.18757297363006326,-0.015695311417828827,-0.012761334848630975,-1.1939679287827329,-0.00082323362989332872,-0.23273382472280904,0.00048034788125682066
0.0056845303965492562,0.19309450931432157,-0.016712183302527706,-0.012377304490916209,-1.1981378376826239,-0.00077384007320945285,-0.23086686605159967,0.00057703000225376323
0.0060459711475804936,0.19867016183903313,-0.017770757399307245,-0.011962740170878639,-1.2022477098264945,-0.0007251137922305933,-0.22892875843044394,0.00067832955214997719
0.0064218989151173141,0.20429873764016623,-0.018871619489912717,-0.011517479263127533,-1.2062970529198818,-0.00067702932811878084,-0.22692311554386574,0.00078429920973691373
0.006812506809539068,0.20997904421528188,-0.020015329169265225,-0.011041372286558266,-1.2102854763101001,-0.0006295617065664263,-0.22485336070364056,0.00089499135607075321
0.0072179789088387255,0.21570989131854712,-0.021202419550082063,-0.010534282290000672,-1.2142126846950518,-0.00058268644335540112,-0.22272273580586061,0.0010104581229190136
0.0076384901745909046,0.22149009214937215,-0.022433397017203496,-0.0099960842670387684,-1.2180784721724924,-0.00053637954958142987,-0.22053430986708902,0.0011307514332761772
0.008074206384326002,0.22731846453044968,-0.02370874102999768,-0.009426664599890994,-1.2218827166120709,-0.00049061753646686252,-0.21829098715973641,0.0012559230343316544
0.0085252840797366003,0.23319383207124267,-0.025028903971176384,-0.008825920532128665,-1.2256253743331271,-0.00044537741969925192,-0.21599551496604327,0.0013860245232778681
0.0089918705301323832,0.23911502531323045,-0.026394311040324383,-0.008193759669908849,-1.2293064750719038,-0.00040063672325572626,-0.21365049096928845,0.0015211073663599221
0.0094741037105513133,0.24508088285348112,-0.027805360190415618,-0.0075300995113224021,-1.2329261172225174,-0.00035637348268394587,-0.21125837030008893,0.0016612229115733083
0.0099721122939281665,0.25109025244336985,-0.029262422105573775,-0.0068348670033840852,-1.2364844633367118,-0.00031256624783080591,-0.20882147225489855,0.001806422395419463
0.010486015656719307,0.25714199205951027,-0.030765840218324705,-0.0061079981261283056,-1.2399817358681013,-0.00026919408501846801,-0.2063419867030912,0.0019567569441312918
0.011015923897382603,0.263234970944207,-0.032315930764587004,-0.0053494375032118735,-1.2434182131472613,-0.00022623657868494913,-0.20382198019830328,0.0021122775697774336
0.011561937867117428,0.26936807061297252,-0.033912982874665841,-0.0045591380383432399,-1.2467942255746804,-0.00018367383250452823,-0.20126340180903665,0.0022730351616534867
0.012124149212283225,0.27554018582687961,-0.035557258698551843,-0.0037370605767537476,-1.2501101520192117,-0.00014148647002652556,-0.19866808868284924,0.0024390804733595574
0.012702640427936302,0.2817502255277422,-0.037248993563889034,-0.00288317359078897,-1.253366416410308,-9.9655634852374183e-05,-0.19603777135779921,0.0026104641059538696
0.013297484921953607,0.28799711373432935,-0.038988396165054402,-0.0019974528885463817,-1.2565634845129583,-5.8162990374135677e-05,-0.19337407883411331,0.0027872364875609094
0.013908747089245067,0.29427979039802149,-0.040775648781894352,-0.001079881344311983,-1.2597018608749002,-1.6990719086207414e-05,-0.19067854341832288,0.0029694478497965266
0.014536482395588635,0.30059721221651431,-0.042610907526748718,-0.00013044864943035771,-1.2627820859363437,2.3878478544243109e-05,-0.18795260535136138,0.0031571482013566399
0.015180737470648218,0.30694835340436477,-0.044494302618473244,0.00085084891783317998,-1.2658047332930844,6.4461385657555402e-05,-0.18519761723134581,0.0033503872991008854
0.015841550209750636,0.31333220641935827,-0.046425938682215409,0.00186400870486862,-1.2687704071045016,0.00010477427106278075,-0.18241484824104379,0.0035492146169483121
0.01651894988400586,0.31974778264385723,-0.048405895073718452,0.0029090218810884547,-1.2716797396384825,0.00014483289179423772,-0.17960548818936056,0.0037536793128892464
0.017212957258353603,0.32619411302046553,-0.050434226226934505,0.0039858736193333242,-1.2745333889458077,0.00018465249616432877,-0.17677065137561845,0.0039638301944063944
0.017923584717120179,0.33267024864151939,-0.052510962023718119,0.0050945432634317799,-1.2773320366569654,0.00022424782730656642,-0.17391138028491981,0.0041797156825863638
0.018650836396669437,0.33917526129207948,-0.054636108184382484,0.0062350044829397461,-1.2800763858947326,0.0002636331271794299,-0.17102864912248672,0.0044013837751928657
0.019394708324739121,0.34570824394626204,-0.056809646677913106,0.007407225416009685,-1.2827671592962298,0.00030282214099988143,-0.1681233671945081,0.0046288820089588007
0.020155188566063208,0.35226831121689928,-0.059031536150671249,0.0086111688013113582,-1.2854050971384832,0.00034182812207204775,-0.16519638214269705,0.0048622574213426457
0.02093225737389769,0.35885459975866529,-0.06130171237245189,0.0098467920998952362,-1.2879909555618638,0.00038066383697471056,-0.16224848303942396,0.0051015565119789299
0.021725887347080832,0.3654662686249403,-0.063620088698824198,0.011114047607909114,-1.2905255048860893,0.00041934157108226074,-0.15928040334997581,0.0053468252040387264
0.022536043592279651,0.37210249957881786,-0.065986556548714992,0.012412882561047943,-1.2930095280137939,0.00045787313439426679,-0.15629282376815312,0.0055981088057018378
0.023362683891088209,0.37876249735877909,-0.068400985896261812,0.013743239231639207,-1.2954438189169701,0.00049626986765546367,-0.15328637493109695,0.005855451971926327
0.024205758871661241,0.38544548989967481,-0.070863225775992536,0.015105055019228441,-1.2978291812018816,0.00053454264875364764,-0.15026164001891915,0.0061188986666887123
0.025065212184579314,0.39215072850976151,-0.073373104800442096,0.01649826253552852,-1.3001664267483184,0.00057270189938530463,-0.14721915724440077,0.0063884921258526199
0.025940980682655268,0.39887748800463901,-0.075930431689346614,0.017922789684557221,-1.3024563744193289,0.00061075759197923177,-0.14415942223773007,0.0066642748208115277
0.026832994604402888,0.40562506679903043,-0.078534995809587449,0.019378559738753725,-1.3046998488378074,0.00064871925687345693,-0.14108289033097471,0.0069462884230385219
0.027741177760897674,0.4123927869574292,-0.081186567725093722,0.02086549141183679,-1.3068976792265432,0.00068659598973888451,-0.13798997874671659,0.0072345737696629143
0.028665447725769386,0.41917999420472024,-0.083884899755925182,0.022383498929108715,-1.3090506983085557,0.00072439645924455523,-0.13488106869503361,0.0075291708301832494
0.029605716028071792,0.42598605789795146,-0.086629726545790695,0.023932492095881573,-1.311159741264732,0.00076212891495774406,-0.13175650738278097,0.007830118674413588
0.030561888347782708,0.43281037096049951,-0.089420765637264851,0.025512376364640103,-1.3132256447459769,0.00079980119547537715,-0.12861660993890611,0.0081374554417510819
0.031533864713691531,0.43965234977993117,-0.092257718053989121,0.027123052901519819,-1.3152492459372531,0.00083742073678141882,-0.125461661259333,0.0084512183118411067
0.03252153970343627,0.44651143407091387,-0.095140268889151669,0.028764418652624822,-1.3172313816710541,0.00087499458082190666,-0.12229191777475623,0.0087714434767079616
0.033524802645455744,0.45338708670457534,-0.098068087899551987,0.030436366410662195,-1.3191728875879951,0.00091252938429364988,-0.11910760914451603,0.0090981661144090738
0.034543537822624891,0.46027879350574996,-0.10104083010456588,0.032138784882325591,-1.3210745973423585,0.00095003142763969378,-0.11590893987955087,0.0094314203642631017
0.035577624677343649,0.46718606301958365,-0.10405813638932999,0.03387155875680805,-1.3229373418505455,0.00098750662424243918,-0.11269609089727912,0.0097712393036930526
0.036626938017851357,0.47410842624899474,-0.10711963411147342,0.035634568775784539,-1.324761948580518,0.0010249605298103313,-0.10946922101110709,0.01011765492671896
0.037691348225539933,0.48104543636450969,-0.11022493771072482,0.037427691805153963,-1.3265492408804209,0.0010623983519469232,-0.1062284683571327,0.010470698124126526
0.038770721463038449,0.48799666838800687,-0.11337364932072495,0.039250800908789643,-1.3283000373446778,0.0010998249598947324,-0.10297395176048331,0.010830398665332242
0.0398649198828444,0.49496171885191165,-0.11656535938237987,0.041103765424505855,-1.3300151512159546,0.001137244894445521,-0.09970577204360645,0.011196785181958657
0.040973801836274519,0.50194020543538931,-0.11979964725808538,0.042986451042405185,-1.3316953898214701,0.0011746623780065591,-0.096424013278726114,0.01156988515312737
0.042097222082509364,0.5089317665790819,-0.12307608184615608,0.044898719885733199,-1.3333415540422213,0.0012120813248127588,-0.093128743986565593,0.01194972489247228
0.043235031997505509,0.51593606107992829,-0.12639422219479263,0.046840430594332558,-1.3349544378137617,0.0012495053512735718,-0.089820018283346112,0.012336329536870571
0.044387079782547939,0.5229527676675968,-0.1297536181149172,0.048811438410748573,-1.3365348276572508,0.001286937786444838,-0.086497876977975605,0.012729723036882839
0.045553210672216744,0.52998158456404321,-0.13315381079121144,0.050811595269011203,-1.3380835022395541,0.0013243816826115169,-0.083162348621257404,0.01312992814889165
0.046733267141540073,0.53702222902769015,-0.13659433339068652,0.052840749886082172,-1.3396012319612345,0.0013618398259709538,-0.079813450508866374,0.013536966428920924
0.047927089112107142,0.54407443688369705,-0.14007471166811877,0.054898747855929485,-1.3410887785713403,0.0013993147474029128,-0.076451189639766257,0.013950858228117324
0.049134514156914458,0.55113796204176657,-0.1435944645676851,0.056985431746166194,-1.3425468948079395,0.001436808733313669,-0.073075563631668713,0.014371622689869464
0.050355377703719527,0.55821257600290064,-0.14715310482013347,0.05910064119716138,-1.3439763240634055,0.001474323836540218,-0.069686561595068669,0.014799277748538335
0.051589513236676661,0.56529806735648691,-0.15075013953482821,0.061244213023513655,-1.3453778000735055,0.0015118618873003922,-0.066284164967328377,0.015233840129769459
0.052836752496031966,0.57239424126906036,-0.15438507078601418,0.063415981317752987,-1.3467520466293821,0.001549424504176155,-0.062868348308221453,0.015675325352354438
0.054096925675655654,0.57950091896604539,-0.15805739619264944,0.065615777556121344,-1.3480997773115611,0.0015870131051135767,-0.059439080058294687,0.016123747731606665
0.05536986161819242,0.58661793720774369,-0.16176660949116373,0.067843430706264959,-1.3494216952451559,0.0016246289184257358,-0.055996323261351608,0.016579120384215006
0.056655388007613612,0.59374514776078902,-0.16551220110050852,0.070098767336656986,-1.3507184928754712,0.0016622729937845731,-0.052540036252311739,0.017041455234535402
0.057953331558958376,0.60088241686624655,-0.16929365867887497,0.072381611727557693,-1.3519908517632433,0.0016999462131850147,-0.049070173311655668,0.01751076302228027
0.059263518205054939,0.60802962470548738,-0.1731104676714687,0.074691785983308848,-1.353239442398781,0.0017376493018679043,-0.045586685287618327,0.017987053311563306
0.060585773280017768,0.61518666486492068,-0.17696211184874328,0.077029110145750576,-1.3544649240343032,0.0017753828391861126,-0.042089520187253954,0.018470334501255008
0.06191992169932161,0.62235344380061997,-0.18084807383451024,0.079393402308542485,-1.3556679445337902,0.001813147269399478,-0.038578623737456311,0.018960613836604943
0.06326578813625941,0.62952988030382728,-0.18476783562336158,0.081784478732166821,-1.3568491402396945,0.0018509429123834116,-0.035053939916980387,0.019457897422084262
0.064623197194596776,0.63671590496827246,-0.18872087908685714,0.084202153959386211,-1.3580091358558777,0.0018887699742375654,-0.031515411460475255,0.019962190235399909
0.065991973577243762,0.64391145966019303,-0.19270668646795341,0.086646240930930055,-1.3591485443461599,0.0019266285577794989,-0.027962980335506756,0.020473496142635009
0.067371942250771269,0.65111649699189011,-0.19672474086316966,0.089116551101180816,-1.3602679668478905,0.0019645186729104146,-0.024396588193516582,0.020991817914465354
0.068762928605607801,0.65833097979960642,-0.20077452669201212,0.091612894553634652,-1.3613679925999662,0.0020024402468389458,-0.020816176795630231,0.021517157243403064
0.070164758611761177,0.66555488062646251,-0.20485553015320346,0.094135080115911554,-1.3624491988847414,0.0020403931341508468,-0.01722168841420469,0.022049514762018614
0.07157725896991822,0.6727881812111377,-0.20896723966728903,0.096682915474096173,-1.3635121509832895,0.0020783771267104492,-0.013613066210972706,0.022588890062090878
0.07300025725778557,0.68003087198293422,-0.21310914630522149,0.099256207286193068,-1.3645574021434934,0.0021163919633848905,-0.0099902545926183976,0.023135281714635494
0.074433582071544671,0.68728295156381458,-0.21728074420255497,0.10185476129448873,-1.365585493560455,0.002154437339576416,-0.0063531995445919292,0.023688687290762546
0.075877063162303499,0.6945444262779561,-0.22148153095890719,0.10447838243661575,-1.3665969543687293,0.0021925129165545703,-0.0027018489439490389,0.02424910338331198
0.077330531567439534,0.70181530966931993,-0.22571100802238336,0.10712687495512585,-1.3675923016459017,0.0022306183305772147,0.00096384714802318907,0.024816525629219304
0.078793819736738269,0.70909562202768794,-0.22996868105868493,0.10980004250538426,-1.3685720404270385,0.002268753201790747,0.0046439362126540727,0.025390948732560516
0.080266761653243243,0.71638538992357681,-0.23425406030465976,0.11249768826160801,-1.3695366637295554,0.0023069171429018201,0.0083384630194915672,0.025972366488227778
0.081749192948745039,0.72368464575239722,-0.23856666090608439,0.11521961502087916,-1.3704866525880577,0.0023451097676116194,0.012047469389959781,0.026560771806187683
0.083240951013847764,0.73099342728818451,-0.24290600323950154,0.11796562530497481,-1.3714224760987193,0.0023833306988061162,0.015770993978392961,0.027156156736273581
0.084741875102563535,0.73831177724718988,-0.24727161321797153,0.12073552145986527,-1.3723445914727752,0.0024215795764955688,0.019509072069784361,0.027758512493464407
0.086251806431397016,0.74563974286158163,-0.251663022580629,0.12352910575274222,-1.3732534440987181,0.0024598560654981649,0.023261735393608231,0.028367829483604161
0.087770588272893357,0.75297737546347132,-0.25607976916597081,0.12634618046644941,-1.3741494676127921,0.0024981598628622476,0.027029011953089703,0.028984097329514631
0.089298066043635035,0.7603247300794449,-0.2605213971688356,0.12918654799119966,-1.3750330839773928,0.0025364907050233064,0.030810925869313582,0.029607304897457443
0.090834087386684054,0.76768186503574642,-0.26498745738106827,0.1320500109134719,-1.3759047035669902,0.0025748483746928616,0.034607497239582431,0.030237440323900119
0.092378502248477642,0.77504884157423137,-0.26947750741589621,0.13493637210199341,-1.3767647252611981,0.0026132327074758544,0.038418742009445159,0.030874491042543539
0.09393116295019642,0.78242572347917605,-0.27399111191607639,0.13784543479072248,-1.3776135365446252,0.0026516435982156489,0.042244671857839644,0.031518443811567938
0.095491924253635133,0.7898125767150036,-0.27852784274590459,0.14077700265875895,-1.3784515136131505,0.0026900810070649307,0.046085294094800777,0.032169284741056153
0.097060643421616632,0.79720946907495993,-0.2830872791672091,0.14373087990711786,-1.3792790214862765,0.0027285449652827485,0.049940611571205953,0.032826999320553912
0.09863718027299985,0.80461646984074897,-0.28766900799948114,0.14670687133231389,-1.3800964141252163,0.002767035580757402,0.053810622600040665,0.033491572446728061
0.100221397232343,0.81203364945311418,-0.29227262376432406,0.14970478239671384,-1.3809040345563877,0.0028055530432576519,0.057695320888682823,0.034162988451085001
0.10181315937429206,0.81946107919333144,-0.29689772881442955,0.15272441929562264,-1.3817022149999856,0.0028440976294119057,0.061594695481716845,0.034841231127712029
0.1034123344627746,0.82689883087555949,-0.30154393344731911,0.15576558902107976,-1.3824912770033226,0.0028826697074202548,0.065508730713802588,0.035526283761006978
0.10501879298508723,0.83434697654997614,-0.3062108560041113,0.15882809942235046,-1.383271531578625,0.0029212697415005157,0.069437406172137089,0.036218129153361166
0.10663240818097308,0.84180558821661033,-0.31089812295360092,0.16191175926310511,-1.3840432793449877,0.0029598982960728337,0.073380696668060075,0.036916749652763363
0.10825305606679415,0.84927473754976734,-0.31560536896195973,0.16501637827528853,-1.3848068106741949,0.0029985560396867412,0.077338572217366314,0.037622127180292952
0.10988061545491037,0.85675449563292794,-0.32033223694838864,0.16814176720968935,-1.3855624058401224,0.0030372437486958998,0.081310998028900835,0.038334243257472513
0.11151496796838355,0.8642449327039915,-0.3250783781270708,0.17128773788322471,-1.386310335171445,0.0030759623106853995,0.085297934501023701,0.039053079033450566
0.11315599805113143,0.8717461179107211,-0.32984345203579496,0.17445410322296617,-1.3870508592073783,0.0031147127276565712,0.089299337225545311,0.039778615311987342
0.11480359297366258,0.8792581190762383,-0.33462712655163374,0.1776406773069355,-1.3877842288561957,0.0031534961189774507,0.09331515699874153,0.040510832578217811
0.11645764283452749,0.88678100247440605,-0.33942907789407661,0.18084727540170722,-1.3885106855562639,0.0031923137241034573,0.097345339839073258,0.041249711025167078
0.11811804055762695,0.89431483261493094,-0.34424899061603248,0.18407371399686093,-1.3892304614393509,0.003231166905076075,0.10138982701124216,0.041995230579994741
0.11978468188552223,0.9018596720380081,-0.34908655758312795,0.18731981083632904,-1.3899437794959684,0.0032700571488076661,0.10544855505622872,0.042747370929947411
0.1214574653688951,0.90941558111832621,-0.35394147994173647,0.19058538494669325,-1.3906508537425117,0.003308986069157509,0.10952145582696728,0.04350611154799796
0.12313629235230954,0.91698261787824575,-0.35881346707618578,0.19387025666248567,-1.3913518893899792,0.0033479554088103576,0.11360845652932525,0.044271431718153072
0.12482106695642883,0.92456083780995713,-0.36370223655559503,0.1971742476485549,-1.3920470830140448,0.0033869670409620127,0.11770947976806138,0.04504331056041163
0.12651169605684418,0.93215029370642399,-0.36860751407080172,0.20049718091956162,-1.3927366227262798,0.0034260229708239658,0.12182444359745252,0.045821727055357607
0.12820808925967236,0.93975103550091332,-0.37352903336184068,0.20383888085666935,-1.3934206883463172,0.0034651253369516375,0.12595326157628364,0.046606660068372177
0.12991015887408128,0.94736311011490992,-0.37846653613644277,0.20719917322150214,-1.3940994515747598,0.0035042764124086278,0.13009584282690945,0.047398088373452496
0.13161781988190263,0.95498656131421455,-0.38341977198002059,0.21057788516743958,-1.3947730761666464,0.0035434786057730759,0.13425209209810396,0.048195990676624299
0.13333098990449108,0.96262142957302077,-0.38838849825761035,0.21397484524832466,-1.3954417181052896,0.0035827344619965445,0.13842190983142394,0.049000345638937785
0.13504958916698917,0.97026775194576653,-0.39337248000823744,0.2173898834246602,-1.3961055257763111,0.003622046663123477,0.14260519223082332,0.049811131899036645
0.13677354046015663,0.977925561946556,-0.39837148983217058,0.22082283106737075,-1.3967646401417027,0.003661418028881017,0.14680183133526134,0.050628328095292781
0.13850276909992112,0.98559488943594764,-0.40338530777152803,0.22427352095920935,-1.3974191949137529,0.0037008515171476318,0.15101171509406119,0.05145191288749898
0.14023720288480657,0.99327576051490396,-0.40841372118469238,0.22774178729388811,-1.3980693167286813,0.0037403502243099612,0.15523472744478012,0.052281864978113386
0.14197677205139322,1.0009681974257019,-0.41345652461498761,0.23122746567301219,-1.3987151253198311,0.0037799173855170621,0.15947074839336434,0.053118163133051885
0.14372140922796128,1.0086722184596004,-0.41851351965406325,0.23473039310089769,-1.399356733690277,0.0038195563748402868,0.16371965409636791,0.053960786202023839
0.14547104938646729,1.0163878378710678,-0.42358451480042497,0.23825040797735406,-1.3999942482847116,0.0038592707053484699,0.16798131694502602,0.05480971313840869
0.14722562979300058,1.0241150657983671,-0.42866932531354235,0.24178735008851021,-1.4006277691604794,0.0038990640291077829,0.17225560565097772,0.055664923018672749
0.14898508995686277,1.0318539081903075,-0.43376777306395375,0.24534106059576472,-1.401257390157634,0.0039389401371131413,0.17654238533344579,0.056526395061324161
0.15074937157841098,1.0396043667389656,-0.43887968637978286,0.24891138202293894,-1.4018831990679017,0.0039789029591619871,0.18084151760768583,0.057394108645407803
0.15251841849580172,1.0473664388181831,-0.44400489989006486,0.25249815824171146,-1.4025052778024358,0.0040189565636772817,0.18515286067452497,0.058268043328540922
0.15429217663076827,1.0551401174276556,-0.44914325436527625,0.25610123445541116,-1.4031237025582592,0.0040591051574900205,0.18947626941081996,0.059148178864491648
0.15607059393356104,1.0629253911424223,-0.45429459655544446,0.25972045718124542,-1.4037385439832928,0.004099353085587819,0.19381159546067078,0.060034495220303373
0.15785362032717584,1.0707222440675748,-0.45945877902620585,0.26335567423103901,-1.4043498673398742,0.0041397048308380981,0.1981586873272328,0.060926972592969413
0.15964120765099113,1.0785306557980017,-0.46463565999316653,0.26700673469055647,-1.4049577326666791,0.0041801650136943586,0.20251739046497749,0.061825591425661817
0.1614333096039311,1.0863506013829918,-0.46982510315490728,0.2706734888974815,-1.4055621949389612,0.0042207383918935549,0.20688754737226131,0.062730332423520926
0.16322988168726638,1.0941820512955205,-0.47502697752496237,0.27435578841812369,-1.4061633042270303,0.0042614298601507923,0.21126899768406451,0.063641176569009847
0.16503088114716025,1.1020249714060444,-0.4802411572630873,0.27805348602292163,-1.4067611058529002,0.0043022444498606593,0.21566157826477314,0.064558105136842459
0.1668362669170636,1.1098793229606363,-0.48546752150611772,0.28176643566081022,-1.4073556405450314,0.0043431873288105396,0.22006512330088004,0.065481099708490753
0.16864599956005674,1.1177450625632934,-0.49070595419870827,0.28549449243251834,-1.4079469445911135,0.0043842638009148364,0.22447946439349073,0.066410142186280385
0.17046004121123243,1.125622142162253,-0.49595634392422616,0.28923751256285968,-1.4085350499888227,0.004425479305975386,0.22890443065052149,0.067345214807082054
0.17227835552020854,1.1335105090401569,-0.50121858373605976,0.2929953533720796,-1.4091199845945059,0.0044668394194755569,0.23333984877848854,0.068286300155607882
0.17410090759385549,1.1414101058079043,-0.50649257098959077,0.29676787324631793,-1.4097017722697394,0.004508349852414586,0.23778554317378747,0.069233381177322084
0.17592766393931755,1.1493208704020397,-0.51177820717506273,0.30055493160724539,-1.4102804330257199,0.0045500164511874499,0.24224133601337294,0.070186441190975113
0.17775859240740374,1.1572427360855231,-0.51707539775156552,0.30435638888093053,-1.410855983165449,0.0045918451975182602,0.24670704734474921,0.071145463900772157
0.17959366213641809,1.1651756314517323,-0.5223840519823425,0.30817210646598964,-1.4114284354236732,0.0046338422084498719,0.25118249517519281,0.072110433408185362
0.18143284349649583,1.1731194804315528,-0.52770408277161363,0.31200194670107406,-1.4119977991045505,0.0046760137363996927,0.25566749556012747,0.073081334223421182
0.18327610803450642,1.1810742023034111,-0.53303540650309233,0.31584577283174164,-1.412564080217015,0.0047183661692828532,0.26016186269058245,0.074058151276553338
0.18512342841958043,1.18903971170611,-0.53837794288036478,0.31970344897676339,-1.413127281607818,0.004760906030710884,0.26466540897966778,0.075040869928332546
0.18697477838931281,1.197015918654331,-0.54373161476928378,0.32357484009390858,-1.4136874030922235,0.0048036399802698256,0.26917794514800253,0.076029475980684408
0.1888301326966908,1.2050027285566665,-0.54909634804251783,0.32745981194525303,-1.4142444415823447,0.0048465748138834001,0.27369928030804086,0.077023955686906995
0.19068946705779044,1.2130000422360518,-0.5544720714263861,0.33135823106205242,-1.4147983912131057,0.0048897174642640769,0.27822922204724221,0.078024295761579279
0.19255275810028141,1.2210077559524677,-0.55985871635009354,0.33526996470921938,-1.4153492434658241,0.004933075001459967,0.28276757651003698,0.079030483390192932
0.19441998331277635,1.2290257614277873,-0.56525621679747085,0.33919488084944172,-1.4158969872894054,0.0049766546334989465,0.28731414847854359,0.080042506238518121
0.19629112099505633,1.2370539458726451,-0.5706645091613155,0.34313284810697847,-1.4164416092191445,0.0050204637071348474,0.29186874145199587,0.081060352461716473
0.19816615020920067,1.2450921920152063,-0.57608353210041174,0.34708373573116541,-1.4169830934931416,0.0050645097087013641,0.29643115772484468,0.082084010713211517
0.20004505073164577,1.2531403781317214,-0.58151322639930381,0.35104741355966235,-1.4175214221663266,0.0051088002650758304,0.30100119846349949,0.083113470153330038
0.20192780300619356,1.2611983780787484,-0.58695353483088319,0.35502375198147196,-1.4180565752221062,0.0051533431447574364,0.30557866378168214,0.08414872045772466
0.20381438809798708,1.2692660613269335,-0.59240440202183775,0.35901262189975552,-1.4185885306816346,0.0051981462590635942,0.3101633528143648,0.085189751825590576
0.20570478764846736,1.2773432929962409,-0.59786577432100751,0.36301389469447387,-1.4191172647107251,0.0052432176634475205,0.31475506379026991,0.086236554987687633
0.20759898383132258,1.2854299338925226,-0.60333759967067624,0.36702744218487454,-1.4196427517244112,0.0052885655589410049,0.31935359410291214,0.087289121214179213
0.20949695930943696,1.2935258405453294,-0.60881982748082153,0.37105313659184791,-1.4201649644891747,0.0053341982937258397,0.32395874038016553,0.088347442322299963
0.21139869719284485,1.3016308652468587,-0.61431240850633917,0.37509085050017221,-1.420683874222858,0.0053801243648358907,0.32857029855234088,0.089411510683863257
0.21330418099769136,1.309744856091942,-0.6198152947272445,0.37914045682066427,-1.4211994506922796,0.0054263524199936698,0.33318806391876304,0.090481319232619942
0.21521339460619948,1.3178676570189787,-0.62532843923185177,0.38320182875225339,-1.421711662308575,0.0054728912595863478,0.3378118312128372,0.091556861471479664
0.21712632222764019,1.3259991078517204,-0.63085179610291875,0.38727483974399124,-1.4222204762202852,0.0055197498387795883,0.3424413946656007,0.09263813147960534
0.21904294836029975,1.3341390443418193,-0.63638532030674233,0.39135936345701189,-1.4227258584042175,0.0055669372697770645,0.34707654806775223,0.093725123919391931
0.22096325775443632,1.3422872982120513,-0.64192896758517837,0.39545527372645123,-1.4232277737541064,0.0056144628242254489,0.35171708483015962,0.094817834043339766
0.22288723537621599,1.3504436972001295,-0.6474826943505585,0.399562444523336,-1.4237261861670991,0.0056623359357675781,0.35636279804284399,0.095916257700833521
0.22481486637261502,1.3586080651030281,-0.65304645758346658,0.40368074991644992,-1.4242210586280988,0.0057105662027489368,0.3610134805324437,0.097020391344836365
0.22674613603727511,1.3667802218217353,-0.6586202147333311,0.40781006403418202,-1.4247123532919916,0.005759163391077707,0.36566892491815944,0.098130232038509624
0.22868102977729471,1.3749599834063599,-0.66420392362178871,0.41195026102636201,-1.4252000315637916,0.0058081374372418587,0.37032892366618914,0.099245777461768256
0.23061953308093897,1.3831471621015181,-0.66979754234876487,0.41610121502608605,-1.4256840541767353,0.0058574984514866537,0.37499326914265579,0.10036702591778057
0.23256163148624873,1.3913415663919277,-0.67540102920121381,0.42026280011153272,-1.4261643812683567,0.0059072567211527803,0.37966175366504001,0.10149397633942275
0.23450731055052737,1.3995430010481427,-0.68101434256445836,0.42443489026777043,-1.4266409724545817,0.0059574227141821201,0.38433416955212496,0.10262662829569709
0.23645655582068337,1.4077512671723604,-0.68663744083606126,0.42861735934855394,-1.4271137869018711,0.0060080070827885973,0.3890103091724651,0.1037649819981222
0.23840935280440462,1.4159661622442392,-0.69227028234215948,0.43281008103810659,-1.4275827833974515,0.006059020667300798,0.39368996499139131,0.10490903830710484
0.24036568694213956,1.4241874801666639,-0.69791282525618858,0.43701292881288456,-1.4280479204176681,0.0061104745001768013,0.3983729296165659,0.10605879873830083
0.24232554357985908,1.4324150113114011,-0.70356502751992056,0.44122577590331691,-1.4285091561944967,0.006162379810193748,0.40305899584210092,0.10721426546897461
0.24428890794257241,1.440648542564589,-0.70922684676673564,0.44544849525551461,-1.4289664487802514,0.0062147480268172879,0.40774795669125574,0.10837544134436421
0.24625576510856803,1.4488878573720045,-0.7148982402470454,0.44968095949293979,-1.429419756110526,0.0062675907847506039,0.41243960545772956,0.10954232988405969
0.24822609998435202,1.4571327357840624,-0.72057916475578332,0.45392304087802582,-1.4298690360654034,0.0063209199286668166,0.41713373574556517,0.11071493528840311
0.25019989728025321,1.4653829545004891,-0.72626957656187696,0.45817461127373771,-1.4303142465289755,0.0063747475181287882,0.42183014150768261,0.11189326244491724
0.25217714148666492,1.4736382869146318,-0.73196943133961001,0.46243554210506027,-1.4307553454472082,0.0064290858326978501,0.42652861708305878,0.11307731693476904
0.25415781685089311,1.4818985031573544,-0.73767868410178805,0.46670570432040198,-1.4311922908841872,0.0064839473772330307,0.4312289572325736,0.11426710503927644
0.2561419073545782,1.4901633701404784,-0.74339728913461145,0.47098496835289899,-1.4316250410767888,0.0065393448873874525,0.43593095717353986,0.11546263374646362
0.25812939669165963,1.4984326515997295,-0.7491251999341646,0.47527320408160462,-1.4320535544878068,0.0065952913353018328,0.4406344126129364,0.11666391075767175
0.26012026824685064,1.5067061081371516,-0.75486236914442761,0.47957028079254865,-1.4324777898575762,0.006651799935498178,0.44533911977936513,0.11787094449423169
0.26211450507458994,1.5149834972629517,-0.76060874849671223,0.48387606713964776,-1.4328977062541322,0.0067088841509793419,0.45004487545375044,0.11908374410420403
0.26411208987843804,1.523264573436744,-0.76636428875042883,0.48819043110545024,-1.4333132631219381,0.0067665576995340109,0.45475147699880175,0.12030231946919245
0.26611300499088447,1.5315490881081588,-0.77212893963508433,0.49251323996169405,-1.4337244203292219,0.0068248345602528624,0.45945872238725927,0.12152668121123589
0.26811723235353296,1.5398367897567879,-0.77790264979341683,0.49684436022965983,-1.4341311382139585,0.0068837289802593194,0.46416641022894228,0.1227568406997854
0.27012475349763065,1.54812742393144,-0.78368536672556599,0.50118365764029604,-1.4345333776285307,0.0069432554816566353,0.46887433979662146,0.12399281005876975
0.27213554952490804,1.556420733288677,-0.78947703673418501,0.50553099709409544,-1.4349310999831077,0.0070034288686947038,0.47358231105073501,0.12523460217375582
0.2741496010886959,1.5647164576306112,-0.79527760487039201,0.50988624262069981,-1.4353242672877764,0.0070642642351631101,0.47829012466296766,0.12648223069920797
0.27616688837528536,1.5730143339419373,-0.80108701488046563,0.51424925733820859,-1.4357128421934588,0.0071257769720099581,0.48299758203871446,0.1277357100658508
0.27818739108549806,1.5813140964261823,-0.80690520915318686,0.51861990341216813,-1.4360967880316509,0.0071879827751922375,0.48770448533844774,0.12899505548814058
0.28021108841643216,1.5896154765411517,-0.81273212866772848,0.52299804201421551,-1.4364760688530174,0.0072508976537613993,0.49241063749800784,0.13026028297184844
0.28223795904335147,1.5979182030335579,-0.81856771294199437,0.52738353328035059,-1.4368506494648756,0.0073145379381870466,0.49711584224783706,0.13153140932176022
0.28426798110168378,1.6062220019728122,-0.82441189998131481,0.53177623626881154,-1.4372204954676004,0.0073789202889229296,0.50181990413117561,0.13280845214949652
0.28630113216909586,1.6145265967839693,-0.83026462622739727,0.53617600891752371,-1.4375855732899845,0.007444061705219625,0.5065226285212393,0.13409142988145697
0.28833738924761171,1.6228317082798109,-0.83612582650744038,0.54058270800109576,-1.4379458502235825,0.0075099795341855352,0.51122382163739788,0.13538036176689183
0.29037672874574127,1.6311370546920578,-0.84199543398331511,0.54499618908733394,-1.4383012944560734,0.0075766914801034223,0.51592329056037134,0.13667526788610501
0.29241912646058743,1.6394423517017012,-0.84787338010071689,0.54941630649324424,-1.438651875103669,0.0076442156140020916,0.52062084324646496,0.13797616915879121
0.29446455755989909,1.647747312468445,-0.85375959453819661,0.55384291324049328,-1.4389975622426003,0.0077125703834921176,0.52531628854085721,0.13928308735251088
0.29651299656403751,1.6560516476592528,-0.85965400515597845,0.55827586101029736,-1.4393383269397082,0.0077817746228641049,0.53000943618996232,0.14059604509130572
0.29856441732782474,1.664355065475996,-0.86555653794446974,0.56271500009770736,-1.4396741412821685,0.0078518475634569811,0.53470009685288122,0.14191506586445773
0.30061879302224243,1.6726572716821944,-0.87146711697237333,0.56716017936525898,-1.44000497840638,0.0079228088442989796,0.53938808211196021,0.14324017403539463
0.30267609611595009,1.6809579696288526,-0.87738566433431198,0.57161124619595494,-1.4403308125260388,0.0079946785230245281,0.54407320448247221,0.14457139485074449
0.30473629835659083,1.689256860279386,-0.88331210009787309,0.57606804644554677,-1.4406516189594285,0.0080674770870701861,0.54875527742143815,0.14590875444954168
0.30679937075185532,1.6975536422336392,-0.88924634224999,0.58053042439408298,-1.4409673741559514,0.008141225465155822,0.55343411533560305,0.1472522798725874
0.30886528355027221,1.7058480117509938,-0.89518830664256432,0.58499822269668811,-1.4412780557219218,0.0082159450390501317,0.55810953358858417,0.14860199907196639
0.31093400622169592,1.7141396627725718,-0.9011379069372496,0.58947128233353996,-1.4415836424456492,0.0082916576556266892,0.56278134850720396,0.1499579409207224
0.31300550743746136,1.7224282869425347,-0.90709505454930617,0.5939494425590095,-1.4418841143218337,0.0083683856392141598,0.56744937738702461,0.1513201352226948
0.31507975505017605,1.7307135736284827,-0.91305965859044302,0.59843254084992648,-1.442179452575294,0.0084461518042392471,0.5721134384970985,0.15268861272251824
0.3171567160731209,1.7389952099409594,-0.91903162581056186,0.60292041285293674,-1.4424696396840506,0.0085249794681699874,0.57677335108394778,0.1540634051157872
0.31923635665923011,1.747272880752067,-0.92501086053832182,0.60741289233091411,-1.442754659401787,0.0086048924647588437,0.58142893537478813,0.15544454505938771
0.32131864207962163,1.7555462687132,-0.93099726462043864,0.61190981110838882,-1.4430344967797046,0.0086859151575865139,0.58608001258001052,0.15683206618199785
0.32340353670165006,1.7638150542719038,-0.93699073735964034,0.61641099901595642,-1.4433091381877936,0.0087680724539113079,0.59072640489493367,0.1582260030947587
0.32549100396645358,1.7720789156878676,-0.94299117545119571,0.62091628383362907,-1.4435785713355371,0.0088513898188222664,0.59536793550084044,0.15962639140211801
0.3275810063659666,1.7803375290480605,-0.94899847291793638,0.6254254912330901,-1.4438427852920666,0.008935893289698054,0.600004428565313,0.1610332677128474
0.32967350541937129,1.7885905682810221,-0.95501252104369316,0.62993844471881399,-1.4441017705057824,0.0090216094909711195,0.60463570924187793,0.16244666965123514
0.33176846164896012,1.7968377051703173,-0.96103320830506789,0.63445496556801229,-1.4443555188234598,0.0091085656491975645,0.60926160366897431,0.16386663586845604
0.33386583455538205,1.8050786093671676,-0.96706042030146289,0.63897487276936549,-1.4446040235088502,0.0091967896084299526,0.61388193896825949,0.1652932060541196
0.33596558259224563,1.8133129484022734,-0.97309403968329045,0.64349798296050187,-1.4448472792607954,0.0092863098458933133,0.61849654324226333,0.16672642094799781
0.33806766314005232,1.8215403876968383,-0.97913394607828574,0.64802411036418184,-1.4450852822308657,0.0093771554879602242,0.62310524557140434,0.16816632235193413
0.34017203247943367,1.8297605905728112,-0.98518001601584804,0.65255306672314695,-1.4453180300405333,0.0094693563264212997,0.62770787601038125,0.16961295314193478
0.34227864576366523,1.8379732182623616,-0.99123212284933482,0.6570846612335941,-1.4455455217978943,0.0095629428350484449,0.6323042655839527,0.171066357280443
0.34438745699043194,1.846177929916603,-0.99729013667623212,0.6616187004772307,-1.4457677581139479,0.0096579461864436597,0.63689424628211788,0.17252657982879832
0.34649841897281886,1.8543743826135828,-1.0033539242561311,0.66615498835187137,-1.4459847411184403,0.0097543982691663932,0.64147765105471233,0.17399366695988092
0.34861148330950087,1.8625622313655537,-1.009423348926433,0.67069332600053189,-1.4461964744752842,0.0098523317051335581,0.64605431380543266,0.17546766597094271
0.35072660035410658,1.8707411291255485,-1.0154982705157121,0.67523351173897905,-1.4464029633975579,0.0099517798672810048,0.65062406938530359,0.17694862529662561
0.35284371918373053,1.8789107267932745,-1.0215785452546633,0.67977534098169301,-1.4466042146620914,0.010052776897475952,0.65518675358560341,0.17843659452216812
0.35496278756656857,1.8870706732203499,-1.0276640256845644,0.68431860616619855,-1.446800236623643,0.010155357724670204,0.65974220313026077,0.1799316243968008
0.35708375192865111,1.8952206152149009,-1.0337545605631784,0.68886309667572232,-1.44699103922867,0.010259558083276003,0.66429025566774225,0.18143376684733109
0.35920655731965001,1.9033601975455441,-1.0398499947680278,0.69340859876013139,-1.4471766340286942,0.010365414531750706,0.6688307497624435,0.18294307499191878
0.36133114737773342,1.9114890629447749,-1.0459501691969701,0.69795489545510903,-1.4473570341932651,0.01047296447137369,0.67336352488560269,0.18445960315404189
0.36345746429344467,1.9196068521117871,-1.0520549206660033,0.70250176649952445,-1.4475322545225173,0.010582246165191451,0.67788842140575656,0.18598340687665374
0.36558544877258048,1.9277132037147471,-1.0581640818042342,0.70704898825095019,-1.4477023114593204,0.010693298757110255,0.6824052805787546,0.18751454293653172
0.36771503999804467,1.9358077543925505,-1.0642774809459408,0.71159633359928309,-1.447867223101019,0.010806162291110515,0.68691394453735566,0.18905306935881741
0.36984617559065269,1.9438901387560865,-1.0703949420196586,0.71614357187842448,-1.448027009210755,0.010920877730554758,0.69141425628042474,0.19059904543174916
0.37197879156886376,1.9519599893890385,-1.0765162844342262,0.72069046877597298,-1.4481816912283654,0.011037486977556122,0.69590605966175734,0.19215253172158631
0.37411282230741688,1.9600169368482498,-1.0826413229617216,0.72523678624088583,-1.4483312922808473,0.011156032892374851,0.70038919937855215,0.19371359008772543
0.37624820049484681,1.9680606096636875,-1.0887698676172251,0.72978228238906306,-1.4484758371923787,0.011276559312804206,0.7048635209595604,0.19528228369800854
0.37838485708985775,1.9760906343380311,-1.0949017235353415,0.73432671140680883,-1.4486153524938801,0.011399111073501271,0.70932887075293938,0.19685867704422247
0.38052272127653142,1.9841066353459254,-1.1010366908434197,0.73886982345212493,-1.4487498664321037,0.011523734025219693,0.71378509591384109,0.1984428359577898
0.38266172041834695,1.9921082351329258,-1.1071745645314028,0.74341136455379131,-1.4488794089782324,0.011650475053891531,0.71823204439176624,0.20003482762564997
0.3848017800109903,2.000095054114178,-1.1133151343182517,0.74795107650818782,-1.4490040118359673,0.011779382099504423,0.72266956491771983,0.20163472060633059
0.38694282363393229,2.0080667106728649,-1.1194581845148754,0.75248869677381336,-1.4491237084490811,0.011910504174712263,0.72709750699120534,0.20324258484620755
0.3890847729007525,2.0160228211584634,-1.125603493883512,0.75702395836345604,-1.4492385340084146,0.012043891383115121,0.73151572086709549,0.20485849169595347
0.39122754740818894,2.0239629998848487,-1.1317508354934998,0.761556589733972,-1.4493485254582843,0.012179594937135834,0.73592405754242474,0.20648251392717276
0.39337106468389327,2.0318868591282944,-1.1378999765733822,0.76608631467362709,-1.4494537215022725,0.01231766717541587,0.74032236874314739,0.20811472574922263
0.39551524013287087,2.039794009125405,-1.1440506783592914,0.77061285218695919,-1.4495541626083652,0.012458161579645969,0.74471050691091167,0.20975520282621776
0.39765998698258731,2.0476840580710367,-1.1502026959395557,0.77513591637711754,-1.4496498910133999,0.012601132790742502,0.74908832518990076,0.21140402229421737
0.39980521622672233,2.0555566121162476,-1.1563557780954818,0.7796552163256375,-1.44974095072678,0.012746636624266039,0.75345567741380082,0.2130612627785928
0.40195083656755359,2.0634112753663345,-1.1625096671382593,0.78417045596960822,-1.4498273875334133,0.012894730084980916,0.75781241809295241,0.214727004411573
0.4040967543569533,2.0712476498790036,-1.1686640987419445,0.78868133397619478,-1.4499092489958243,0.013045471380437421,0.7621584024017537,0.21640132884996588
0.40624287353598176,2.079065335662738,-1.1748188017724757,0.79318754361447252,-1.4499865844553861,0.013198919933452773,0.76649348616638457,0.21808431929305264
0.40838909557306319,2.0868639306754146,-1.1809734981126825,0.79768877262453819,-1.4500594450326152,0.013355136393359297,0.77081752585292485,0.21977606050065204
0.41053531940072913,2.0946430308232351,-1.1871279024832497,0.80218470308385892,-1.4501278836264648,0.013514182645873549,0.77513037855594902,0.22147663881135185
0.41268144135091822,2.1024022299600333,-1.1932817222596024,0.80667501127082475,-1.4501919549125513,0.013676121821434926,0.77943190198768153,0.22318614216090318
0.41482735508881968,2.1101411198870275,-1.1994346572846801,0.8111593675254698,-1.4502517153402377,0.013841018301845778,0.78372195446780479,0.2249046601007744
0.41697295154525232,2.1178592903530857,-1.2055863996775804,0.8156374361073323,-1.4503072231284999,0.014008937725038206,0.78800039491401785,0.22663228381686026
0.41911811884756967,2.1255563290555819,-1.2117366336380428,0.82010887505042096,-1.4503585382604869,0.014179946987775837,0.79226708283344982,0.22836910614834149
0.42126274224908622,2.1332318216419131,-1.2178850352467658,0.8245733360152625,-1.4504057224766875,0.014354114246088099,0.7965218783150404,0.23011522160668996
0.42340670405701974,2.1408853517117645,-1.2240312722615405,0.82903046413800363,-1.4504488392666066,0.014531508913221528,0.80076464202300568,0.23187072639481432
0.42554988355894752,2.1485165008202043,-1.2301750039092008,0.83347989787654608,-1.4504879538588451,0.014712201654875183,0.80499523519151561,0.23363571842634001
0.42769215694777751,2.1561248484816944,-1.2363158806733938,0.837921268853696,-1.4505231332094766,0.014896264381474851,0.80921351962071852,0.23541029734501726
0.4298333972452365,2.1637099721751141,-1.2424535440781788,0.84235420169730968,-1.4505544459886006,0.015083770237223819,0.81341935767425522,0.237194564544251
0.43197347422388077,2.1712714473498886,-1.2485876264674731,0.84677831387742575,-1.4505819625649472,0.015274793585650316,0.81761261227841542,0.23898862318674466
0.43411225432763784,2.1788088474333271,-1.2547177507803753,0.85119321554037408,-1.4506057549883999,0.015469409991357208,0.82179314692309657,0.24079257822425074
0.43624960059089163,2.1863217438392724,-1.260843530322397,0.85559850933985748,-1.4506258969702963,0.015667696197658575,0.82596082566473739,0.24260653641741953
0.43838537255612503,2.193809705978178,-1.2669645685326558,0.85999379026500655,-1.4506424638613553,0.01586973009977179,0.83011551313140597,0.24443060635573716
0.4405194261901399,2.2012723012687214,-1.273080458747081,0.86437864546541476,-1.450655532627072,0.016075590713212028,0.83425707453023357,0.2462648984775434
0.44265161379887691,2.2087090951510815,-1.2791907839577048,0.86875265407316227,-1.4506651818204135,0.016285358137018851,0.83838537565739746,0.24810952509011935
0.44478178394086304,2.2161196511019994,-1.2852951165681199,0.87311538702184799,-1.4506714915516377,0.016499113511421602,0.84250028291086387,0.24996460038983376
0.44690978133931841,2.2235035306517612,-1.2913930181451985,0.8774664068626512,-1.4506745434550488,0.016716938969532198,0.84660166330611575,0.25183024048233676
0.44903544679295981,2.2308602934032344,-1.2974840391671822,0.88180526757745492,-1.4506744206524926,0.016938917582628745,0.85068938449510267,0.25370656340278835
0.45115861708554389,2.2381894970531047,-1.3035677187682708,0.8861315143890669,-1.450671207713387,0.017165133298576905,0.85476331478865775,0.25559368913610925
0.45327912489419747,2.2454906974154629,-1.3096435844798475,0.89044468356858431,-1.4506649906110689,0.017395670872906738,0.85882332318264387,0.25749173963723893
0.45539679869659117,2.2527634484478978,-1.3157111519685087,0.89474430223995738,-1.4506558566752354,0.01763061579204895,0.86286927938809843,0.25940083885138748
0.45751146267701615,2.2600073022802545,-1.3217699247710695,0.89902988818181395,-1.4506438945402385,0.017870054188204136,0.86690105386566196,0.26132111273426439
0.45962293663143294,2.2672218092462355,-1.3278193940267504,0.90330094962661811,-1.450629194088991,0.018114072745302408,0.87091851786458607,0.26325268927226814
0.46173103587156955,2.2744065179180097,-1.3338590382067683,0.90755698505724813,-1.450611846392226,0.018362758595484165,0.87492154346662876,0.26519569850261854
0.46383557112815144,2.281560975144024,-1.3398883228415723,0.91179748300108643,-1.4505919436428436,0.018616199205514952,0.87891000363515637,0.26715027253341372
0.46593634845335724,2.2886847260901999,-1.3459067002460008,0.9160219218217307,-1.4505695790850734,0.018874482252523743,0.88288377226978454,0.2691165455635906
0.46803316912260251,2.2957773142847171,-1.3519136092426511,0.92022976950844437,-1.4505448469381645,0.019137695488434924,0.88684272426689925,0.27109465390276932
0.4701258295357626,2.3028382816665882,-1.3579084748837933,0.9244204834634806,-1.450517842314315,0.019405926592443473,0.8907867355864133,0.27308473599095762
0.47221412111795769,2.3098671686382395,-1.3638907081721778,0.92859351028742787,-1.4504886611305392,0.019679263010869173,0.89471568332511886,0.27508693241809323
0.47429783022003336,2.3168635141223151,-1.3698597057811277,0.93274828556274114,-1.4504574000141668,0.019957791783704326,0.89862944579700932,0.27710138594339795
0.47637673801888147,2.323826855622936,-1.3758148497743343,0.93688423363563755,-1.4504241562016624,0.020241599357159912,0.90252790262094984,0.27912824151451793
0.4784506204177586,2.330756729291652,-1.3817555073258119,0.94100076739655492,-1.4503890274304481,0.020530771381500747,0.90641093481608381,0.28116764628642155
0.4805192479467732,2.3376526699983255,-1.3876810304405076,0.94509728805938931,-1.4503521118234093,0.020825392493453363,0.91027842490536659,0.28321974964002611
0.48258238566372536,2.3445142114072048,-1.393590755676098,0.94917318493974689,-1.450313507765763,0.021125546082464971,0.91413025702762074,0.28528470320052168
0.4846397930554977,2.3513408860584453,-1.3994840038665479,0.95322783523246712,-1.4502733137739652,0.021431314040087891,0.91796631705851073,0.28736266085535977
0.48669122394021291,2.358132225455345,-1.4053600798480506,0.95726060378869515,-1.4502316283563412,0.02174277649177063,0.92178649274083246,0.28945377877187156
0.48873642637038578,2.364887760157572,-1.4112182721880129,0.96127084289280496,-1.450188549865123,0.022060011510342502,0.92559067382450844,0.29155821541447996
0.49077514253731952,2.3716070198806669,-1.4170578529178053,0.96525789203950096,-1.450144176339587,0.022383094810491229,0.92937875221667654,0.29367613156146632
0.4928071086770095,2.3782895336021093,-1.4228780772700329,0.9692210777114475,-1.4500986053399949,0.022712099423555735,0.93315062214224553,0.29580769032125143
0.49483205497783833,2.384934829674247,-1.4286781834211506,0.97315971315780669,-1.4500519337720561,0.023047095351979414,0.93690618031528272,0.29795305714814813
0.49684970549036467,2.3915424359443933,-1.4344573922402946,0.97707309817409205,-1.4500042577016454,0.023388149202807827,0.94064532612157625,0.30011239985754035
0.49885977803952986,2.3981118798823995,-1.4402149070452614,0.98096051888377478,-1.4499556721595297,0.023735323799652912,0.94436796181269644,0.30228588864044109
0.50086198413962435,2.4046426887160246,-1.4459499133666252,0.98482124752211053,-1.4499062709358881,0.024088677772603075,0.94807399271185167,0.30447369607737906
0.50285602891238224,2.4111343895744177,-1.4516615787210474,0.98865454222268978,-1.4498561463644339,0.0244482651256165,0.95176332743180247,0.30667599715156191
0.5048416110085896,2.4175865096400475,-1.4573490523948995,0.99245964680724508,-1.4498053890959874,0.024814134781012215,0.95543587810505903,0.30889296926125986
0.50681842253362119,2.4239985763094039,-1.4630114652393815,0.99623579057928813,-1.4497540878613877,0.025186330100756441,0.95909156062654333,0.31112479223135203
0.50878614897734042,2.4303701173628078,-1.4686479294783963,0.99998218812218453,-1.4497023292236781,0.025564888384341584,0.96273029490884443,0.31337164832397307
0.51074446914882299,2.4367006611436697,-1.4742575385305003,1.0036980391023116,-1.4496501973195566,0.025949840343166462,0.96635200515013897,0.31563372224819658
0.51269305511639329,2.4429897367475295,-1.4798393668463401,1.0073825280779891,-1.4495977735901378,0.026341209551453405,0.96995662011477979,0.31791120116868571
0.5146315721534851,2.449236874221222,-1.4853924697630407,1.0110348243149108,-1.4495451365011482,0.026739011873881044,0.97354407342648197,0.32020427471324064
0.51655967869086672,2.4554416047725036,-1.4909158833771055,1.0146540816088458,-1.4494923612527435,0.027143254870268037,0.97711430387395304,0.32251313497916639
0.51847702627579939,2.4616034609904776,-1.4964086244374539,1.0182394381164317,-1.4494395194792267,0.027553937177821612,0.98066725572871971,0.32483797653838165
0.52038325953872289,2.467721977077149,-1.5018696902603113,1.0217900161949154,-1.4493866789390348,0.027971047871656132,0.98420287907480208,0.32717899644118542
0.52227801616809399,2.4737966890904408,-1.5072980586677385,1.0253049222517558,-1.4493339031954611,0.028394565804500421,0.98772113014977381,0.32953639421859277
0.52416092689402782,2.4798271351989878,-1.5126926879516753,1.0287832466050444,-1.4492812512886901,0.028824458926742964,0.99122197169662563,0.33191037188314682
0.52603161548142507,2.4858128559490242,-1.5180525168654513,1.0322240633557487,-1.4492287773998422,0.029260683588214847,0.99470537332571562,0.33430113392810945
0.5278896987332935,2.4917533945436645,-1.5233764646447978,1.0356264302728408,-1.4491765305078468,0.02970318382338032,0.99817131188594677,0.33670888732492776
0.52973478650500205,2.4976482971348681,-1.5286634310604796,1.0389893886924177,-1.4491245540401041,0.030151890621893641,1.0016197718441595,0.33913384151886716
0.53156648173023391,2.5034971131283581,-1.5339122965047394,1.0423119634319744,-1.4490728855180377,0.030606721186790198,1.0050507456715643,0.34157620842269704
0.53338438045943259,2.509299395501754,-1.539121922113831,1.0455931627210486,-1.4490215561987929,0.031067578182907743,1.0084642342358598,0.34403620240830818
0.5351880719115627,2.5150547011361519,-1.5442911499289946,1.0488319781495015,-1.4489705907144996,0.03153434897847731,1.0118602471975089,0.34651404029613453
0.53697713854003137,2.520762591161362,-1.5494188030982941,1.0520273846347599,-1.4489200067106855,0.032006904883187345,1.0152388034084385,0.34900994134224517
0.53875115611364466,2.5264226313149902,-1.5545036861218176,1.0551783404093964,-1.4488698144856038,0.032485100386400984,1.0185999313112433,0.351524127222964
0.54050969381349434,2.5320343923155204,-1.5595445851428025,1.0582837870304775,-1.4488200166324199,0.032968772399598389,1.0219436693367507,0.35405682201686839
0.54225231434669496,2.5375974502495167,-1.56454026828731,1.0613426494121665,-1.44877060768639,0.03345773950751775,1.0252700662976015,0.35660825218400732
0.54397857407790906,2.5431113869730306,-1.5694894860551336,1.0643538358831188,-1.4487215737793551,0.033951801232878394,1.0285791817752736,0.35917864654217246
0.54568802317962117,2.5485757905272588,-1.5743909717646749,1.0673162382702621,-1.4486728923040675,0.034450737319987143,1.0318710864977614,0.36176823624004512
0.54738020580213265,2.5539902555684439,-1.5792434420545671,1.0702287320106043,-1.4486245315910593,0.034954307042944104,1.0351458627048928,0.36437725472703136
0.54905466026426653,2.5593543838119746,-1.5840455974448593,1.0730901762927636,-1.4485764506009555,0.035462248544578738,1.0384036044980529,0.36700593771958745
0.55071091926578208,2.5646677844905699,-1.5887961229606109,1.0758994142299643,-1.4485285986353211,0.035974278212655288,1.0416444181708586,0.36965452316382508
0.55234851012250374,2.5699300748263885,-1.5934936888207547,1.0786552730662895,-1.4484809150693139,0.036490090100276561,1.0448684225171236,0.37232325119417409
0.55396695502517768,2.5751408805168281,-1.5981369511951067,1.0813565644180261,-1.4484333291095866,0.037009355397791793,1.0480757491122514,0.37501236408786615
0.55556577132306495,2.5802998362337175,-1.6027245530323895,1.0840020845519815,-1.4483857595810437,0.037531721963862681,1.0512665425640033,0.37772210621498858
0.55714447183328153,2.5854065861355231,-1.6072551249621343,1.0865906147026931,-1.4483381147461996,0.038056813923657014,1.0544409607284269,0.38045272398384211
0.55870256517688244,2.5904607843921137,-1.6117272862732828,1.0891209214304829,-1.4482902921610143,0.038584231342415558,1.0575991748865738,0.38320446578131923
0.56023955614267973,2.5954620957215373,-1.6161396459722934,1.0915917570223543,-1.4482421785711872,0.039113549982868548,1.0607413698775194,0.38597758190800263
0.56175494607976284,2.6004101959381725,-1.6204908039234815,1.0940018599377463,-1.4481936498529615,0.039644321155149015,1.0638677441830984,0.38877232450766286
0.56324823331966922,2.6053047725115128,-1.6247793520742662,1.0963499553011959,-1.448144571002546,0.040176071667959112,1.0669785099597191,0.39158894749081402
0.56471891362912374,2.6101455251347399,-1.6290038757679091,1.0986347554439782,-1.4480947961782715,0.04070830388978406,1.0700738930125908,0.39442770645196445
0.5661664806942347,2.6149321663021206,-1.6331629551462297,1.1008549604968112,-1.4480441687995731,0.041240495928900361,1.0731541327077294,0.39728885858017426
0.56759042663698911,2.6196644218941532,-1.6372551666446578,1.1030092590357279,-1.4479925217068272,0.041772101940791506,1.0762194818171764,0.40017266256250666
0.56899024256484965,2.6243420317692445,-1.6412790845818552,1.1050963287832225,-1.4479396773859592,0.042302552571352049,1.0792702062929902,0.40307937847993142
0.57036541915420003,2.6289647503605806,-1.6452332828459784,1.1071148373667852,-1.4478854482615744,0.042831255543922496,1.0823065849657514,0.40600926769520884
0.57171544726832779,2.6335323472766947,-1.6491163366794808,1.1090634431369335,-1.4478296370621586,0.043357596397745647,1.0853289091635667,0.4089625927322505
0.57303981861056708,2.6380446079041038,-1.652926824564158,1.1109407960468427,-1.4477720372606184,0.043880939384866681,1.088337482247862,0.41193961714641752
0.57433802641315279,2.6425013340102135,-1.6566633302079268,1.1127455385956613,-1.4477124335931142,0.044400628531803113,1.0913326190626258,0.41494060538517996
0.575609566162254,2.6469023443445381,-1.6603244446345897,1.11447630683758,-1.4476506026587468,0.044915988871488954,1.0943146452942154,0.41796582263851995
0.57685393635957172,2.6512474752361062,-1.6639087683775842,1.1161317314586945,-1.447586313602218,0.045426327850044489,1.0972838967393415,0.42101553467841724
0.57807063932078828,2.6555365811847569,-1.6674149137784335,1.1177104389236701,-1.4475193288810786,0.045930936911834586,1.1002407184794389,0.42409000768670879
0.57925918201105131,2.6597695354438384,-1.6708415073903109,1.1192110526941768,-1.4474494051186055,0.046429093265062275,1.1031854639602889,0.42718950807056305
0.58041907691757011,2.6639462305916513,-1.6741871924868175,1.1206321945210207,-1.4473762940427322,0.046920061828800971,1.1061184939764737,0.43031430226475387
0.58154984295927736,2.6680665790887805,-1.6774506316757121,1.1219724858118401,-1.4472997435107651,0.047403097360896179,1.1090401755610502,0.43346465651986066
0.58265100643338696,2.67213051381828,-1.6806305096169669,1.1232305490761785,-1.4472194986188875,0.047877446764584518,1.1119508807816745,0.43664083667545645
0.58372210199854213,2.6761379886054804,-1.683725535844131,1.1244050094496856,-1.4471353028946685,0.048342351569989686,1.1148509854453232,0.43984310791727682
0.58476267369410484,2.6800889787140068,-1.6867344476875623,1.1254944962991171,-1.4470468995699606,0.048797050584867517,1.1177408677147243,0.44307173451728787
0.58577227599498749,2.6839834813144114,-1.6896560132976464,1.1264976449097339,-1.4469540329307127,0.049240782707114253,1.1206209066406088,0.44632697955549144
0.58675047490126742,2.6878215159216508,-1.6924890347656585,1.1274130982566122,-1.4468564497393308,0.049672789889629448,1.1234914806149379,0.44960910462221848
0.58769684906165998,2.691603124797469,-1.6952323513394385,1.1282395088612913,-1.4467539007243058,0.050092320246164411,1.1263529657513125,0.45291836949956821
0.58861099092974989,2.6953283733136022,-1.6978848427305371,1.1289755407350872,-1.4466461421309158,0.050498631284808158,1.129205734199844,0.45625503182054977
0.58949250795170327,2.6989973502715769,-1.7004454325089726,1.1296198714103063,-1.4465329373258904,0.050890993253797402,1.1320501524048254,0.45961934670437449
0.59034102378399156,2.7026101681747647,-1.7029130915811845,1.130171194060489,-1.4464140584480283,0.051268692582400244,1.1348865793145839,0.46301156636622925
0.59115617953947308,2.7061669634482626,-1.7052868417462219,1.1306282197107114,-1.4462892880958902,0.051631035397760053,1.1377153645539009,0.46643193969973556
0.59193763505998043,2.7096678966021082,-1.7075657593246323,1.1309896795388701,-1.4461584210428617,0.051977351096810141,1.1405368465703423,0.46988071183016211
0.59268507021336858,2.7131131523333156,-1.7097489788539535,1.1312543272687765,-1.4460212659691143,0.052306995950733584,1.1433513507667186,0.47335812363631269
0.5933981862127804,2.7165029395622291,-1.7118356968441313,1.1314209416557826,-1.4458776471992925,0.052619356717949442,1.146159187632696,0.47686441123885365
0.59407670695570292,2.719837491398752,-1.7138251755856513,1.1314883290655824,-1.445727406434151,0.052913854240327095,1.1489606508892611,0.48039980545267352
0.59472038038019559,2.7231170650341205,-1.7157167470026102,1.1314553261467424,-1.4455704044638515,0.053189946996255927,1.1517560156603153,0.48396453120068778
0.59532897983550848,2.7263419415540544,-1.7175098165424776,1.1313208025974615,-1.4454065228502426,0.053447134583393174,1.1545455366860897,0.48755880688630182
0.59590230546414436,2.7295124256693484,-1.7192038670938181,1.1310836640270086,-1.4452356655651761,0.053684961103384318,1.1573294465933519,0.49118284372153748
0.59644018559228928,2.7326288453602627,-1.7207984629228652,1.1307428549122731,-1.4450577605717945,0.053903018420636779,1.1601079542374615,0.49483684500759961
0.59694247812542622,2.7356915514314344,-1.7222932536195099,1.1302973616498737,-1.4448727613357495,0.054100949267349444,1.1628812431312536,0.49852100536441851
0.59740907194587356,2.7387009169744716,-1.7236879780430592,1.1297462157043239,-1.4446806482535017,0.054278450167475158,1.1656494699754414,0.5022355099054413
0.59783988830895907,2.7416573367359161,-1.7249824682580133,1.1290884968528514,-1.4444814299852067,0.054435274153139354,1.168412763304749,0.50598053335366977
0.59823488223455812,2.7445612263888512,-1.7261766534501666,1.1283233365276217,-1.4442751446802218,0.054571233248266508,1.1711712222632862,0.50975623909464196
0.59859404389080295,2.7474130217071155,-1.7272705638135448,1.127449921256334,-1.4440618610839733,0.054686200695776212,1.1739249155217744,0.51356277816173712
0.59891739996691529,2.7502131776418386,-1.728264334399116,1.1264674962024555,-1.4438416795158002,0.054780112906710351,1.1766738803481125,0.51740028814884553
0.59920501503233947,2.7529621673008493,-1.7291582089168456,1.1253753688067345,-1.4436147327084423,0.054852971112029136,1.1794181218414466,0.52126889204507998
0.59945699287966225,2.7556604808324168,-1.7299525434835561,1.124172912532116,-1.4433811865010564,0.054904842700548365,1.1821576123383843,0.52516869698582347
0.59967347784922109,2.7583086242157528,-1.7306478103102418,1.1228595707147662,-1.4431412403790183,0.054935862229579864,1.1848922909982802,0.52909979291399534
0.59985465613381461,2.7609071179617302,-1.7312446013239573,1.1214348605246232,-1.4428951278552864,0.054946232098228479,1.1876220635726316,0.53306225114498529
0.60000075706256828,2.7634564957283518,-1.731743631721238,1.1198983770397342,-1.44264311668975,0.054936222876986143,1.1903468023615873,0.53705612282824111
0.60011205436376813,2.7659573028565942,-1.7321457434521905,1.1182497974396264,-1.4423855089447477,0.054906173291182775,1.1930663463583955,0.54108143729800928
0.6001888674073691,2.7684100948333743,-1.7324519086369612,1.1164888853241075,-1.4421226408767973,0.054856489859980186,1.195780501580338,0.54513820030520865
0.60023156242891851,2.7708154356894923,-1.7326632329192595,1.1146154951652023,-1.4418548826664994,0.054787646196860822,1.198489041582339,0.5492263921218723
0.60024055373781371,2.7731738963414818,-1.7327809587650043,1.1126295769014327,-1.4415826379905534,0.054700181981932064,1.2011917081470258,0.55334596550901327
0.60021630491413402,2.7754860528873295,-1.7328064687179476,1.1105311806853211,-1.4413063434418134,0.054594701620765622,1.2038882121425871,0.55749684353816364
0.60015932999975863,2.7777524848669772,-1.7327412886283675,1.1083204617968812,-1.4410264678053055,0.054471872608877425,1.2065782345373632,0.56167891725619123
0.60007019469109169,2.7799737734993655,-1.7325870908755345,1.1059976857379323,-1.440743511200085,0.054332423625257927,1.2092614275577254,0.56589204318232444
0.59994951754246773,2.7821504999084907,-1.7323456976096856,1.1035632335243539,-1.4404580040987174,0.054177142382534939,1.2119374159735112,0.57013604062560053
0.59979797119119072,2.784283243351509,-1.7320190840446363,1.1010176071958895,-1.4401705062379913,0.054006873265339726,1.214605798493084,0.57441068881020352
0.59961628361715058,2.786372579462276,-1.7316093818378602,1.0983614355657918,-1.4398816054361958,0.05382251479219223,1.2172661492480343,0.57871572379536595
0.59940523945206514,2.78841907852388,-1.7311188826008992,1.0955954802354997,-1.4395919163338973,0.053625016939699899,1.2199180193456292,0.58305083517567768
0.59916568135557535,2.7904233037836392,-1.730550041589201,1.0927206419026245,-1.4393020790766147,0.053415378371020929,1.2225609384653859,0.58741566254676059
0.59889851147766937,2.7923858098236947,-1.7299054816269077,1.0897379669937957,-1.4390127579591088,0.053194643613370764,1.2251944164746034,0.59180979172034787
0.59860469302919983,2.794307140999734,-1.7291879973286561,1.0866486546573739,-1.4387246400521632,0.05296390023182028,1.22781794503633,0.59623275067181836
0.59828525198456439,2.7961878299594884,-1.7284005596870209,1.0834540641546566,-1.4384384338337306,0.052724276048757082,1.2304309991820919,0.60068400520220222
0.59794127894291171,2.7980283962514827,-1.7275463211007629,1.0801557226919687,-1.4381548678471676,0.052476936460154666,1.2330330388207369,0.6051629542955731
0.59757393117650071,2.7998293450330767,-1.7266286209254731,1.0767553337399476,-1.4378746894099785,0.052223081901257171,1.2356235101539503,0.60966892515156801
0.59718443489703676,2.8015911658851373,-1.7256509916344311,1.073254785890364,-1.437598663397061,0.05196394551546988,1.2382018469683547,0.61420116787153289
0.59677408777292229,2.8033143317387434,-1.7246171656834692,1.0696561623049632,-1.4373275711229097,0.051700791081203783,1.2407674717735739,0.61875884977545725
0.59634426173236565,2.8049992979171949,-1.7235310831792794,1.0659617508150594,-1.4370622093476213,0.051434911252233449,1.2433197967551954,0.62334104932543832
0.59589640608917749,2.80664650129432,-1.7223969004558912,1.0621740547349572,-1.4368033894318963,0.051167626167874951,1.245858224511132,0.62794674962988106
0.59543205102982744,2.8082563595677064,-1.7212189996689076,1.0582958044566912,-1.4365519366665838,0.050900282490078282,1.2483821485394391,0.63257483150099791
0.59495281150193979,2.8098292706431134,-1.7200019995215334,1.0543299698980915,-1.4363086898027351,0.050634252925481099,1.2508909534450781,0.63722406603639092
0.59446039154587516,2.8113656121240229,-1.7187507672404756,1.0502797738807885,-1.4360745008086615,0.050370936291728896,1.2533840148323854,0.64189310669358046
0.59395658911238547,2.8128657408981828,-1.7174704319234373,1.0461487065194857,-1.4358502348812188,0.050111758189086232,1.2558606988490004,0.64658048082426034
0.593443301410569,2.8143299928111891,-1.7161663993832807,1.0419405407086804,-1.4356367707395326,0.049858172340729957,1.2583203613456302,0.65128458063279637
0.5929225308315258,2.8157586824157943,-1.714844368617072,1.0376593487980388,-1.4354350012307302,0.049611662668326971,1.2607623466141686,0.65600365352102608
0.59239639149427403,2.817152102784847,-1.7135103500313031,1.0333095205528695,-1.4352458342790604,0.049373746173789562,1.2631859856642218,0.66073579177873099
0.59186711646169454,2.8185105253757556,-1.7121706855577963,1.02889578250167,-1.4350701942121664,0.049145976703726994,1.2655905939948635,0.66547892157622723
0.59133706567560884,2.8198341999352805,-1.7108320707983593,1.0244232187786035,-1.4349090235013839,0.048929949680368769,1.2679754688143017,0.67023079121232254
0.59080873466166717,2.821123354435513,-1.7095015793404855,1.0198972935751121,-1.4347632849568897,0.048727307891962696,1.2703398856548935,0.67498895856738628
0.59028476405662977,2.8223781950353026,-1.7081866893915734,1.0153238753217797,-1.4346339644235289,0.048539748447234833,1.2726830943243765,0.67975077770745684
0.58976795001302207,2.8235989060663913,-1.7068953128857114,1.0107092627291876,-1.4345220740293922,0.048369031012899064,1.275004314126053,0.68451338458111799
0.58926125553916309,2.8247856500503503,-1.7056358272254353,1.0060602128249734,-1.4344286560469408,0.048216987470947166,1.2773027282706744,0.68927368174629333
0.58876782283640205,2.8259385677613862,-1.7044171098315495,1.0013839711338326,-1.4343547874359877,0.048085533154175158,1.2795774773905726,0.69402832205908405
0.58829098670022306,2.8270577783615103,-1.703248575687643,0.9966883041579474,-1.4343015851494658,0.047976679844853647,1.2818276520517808,0.69877369125128086
0.58783428905791757,2.8281433796487807,-1.7021402180829415,0.99198153432755332,-1.4342702122970732,0.04789255075353973,1.2840522841419704,0.70350588931716351
0.58740149472300862,2.8291954484767525,-1.7011026527783,0.98727257760527942,-1.4342618852790769,0.047835397733848609,1.2862503369904126,0.70822071062362302
0.58699660845578971,2.8302140414243588,-1.7001471658461691,0.98257098394383058,-1.4342778820234006,0.047807621035887121,1.2884206940501355,0.71291362265044156
0.58662389343048282,2.8311991958207141,-1.6992857654670341,0.97788698081478687,-1.4343195514843416,0.047811791957623931,1.2905621459410961,0.71757974325970997
0.5862878912229309,2.8321509312594393,-1.6985312380030035,0.97323152004714875,-1.4343883245917994,0.047850678821735812,1.2926733756154469,0.72221381638477189
0.58599344344871029,2.8330692517727654,-1.6978972087147557,0.96861632823807764,-1.4344857268768543,0.047927276787883846,1.2947529413605001,0.72681018601972514
0.58574571520041729,2.8339541488778011,-1.697398207541907,0.96405396102547547,-1.4346133930443188,0.048044842109982201,1.2967992573001432,0.73136276838031156
0.58555022045500082,2.8348056057570341,-1.6970497404300422,0.95955786154302736,-1.4347730838172104,0.048206931568611958,1.2988105709891606,0.73586502209592397
0.58541284964771512,2.8356236028937083,-1.6968683667611202,0.95514242341351274,-1.4349667054441115,0.048417447954986891,1.3007849376146448,0.74030991628040466
0.5853398996389515,2.8364081255518259,-1.6968717835288643,0.95082305867605288,-1.4351963323407668,0.048680692660679994,1.3027201902212147,0.74468989631623228
0.58533810633421879,2.8371591735722257,-1.6970789169980558,0.94661627108795976,-1.4354642334353525,0.049001426643986469,1.3046139052581418,0.74899684717254134
0.58541468025625643,2.8378767740530098,-1.6975100226974518,0.94253973529246171,-1.4357729029068338,0.049384941308539418,1.3064633626016857,0.75322205406214215
0.58557734541201012,2.8385609975977584,-1.6981867947212659,0.93861238240026812,-1.4361250961529526,0.049837141154157966,1.3082654990286755,0.75735616022626451
0.58583438184626413,2.839211978952493,-1.6991324854546181,0.9348544925961404,-1.4365238720052724,0.050364640458454367,1.310016853899707,0.76138912161810324
0.58619467232829381,2.8398299430173193,-1.7003720369945798,0.93128779545172424,-1.4369726424316858,0.05097487673881463,1.3117135055422275,0.76531015823738768
0.58666775367800073,2.8404152374175591,-1.7019322257104812,0.92793557870312759,-1.4374752312423673,0.051676244351197095,1.3133509964925807,0.76910770184813737
0.58726387330340357,2.8409683730602331,-1.7038418215743503,0.92482280633618796,-1.4380359436566137,0.052478252334107307,1.3149242453457219,0.77276933979053153
0.58799405159144602,2.841490074395487,-1.7061317640928544,0.92197624691385038,-1.4386596490121031,0.053391711540219496,1.3164274424514486,0.77628175457546844
0.58887015086761418,2.8419813414626391,-1.7088353568823353,0.91942461317794322,-1.4393518794259925,0.054428957261383103,1.3178539260608206,0.77963065892701078
0.58990495171463231,2.8424435262444852,-1.7119884831420482,0.91719871406059317,-1.4401189478755771,0.055604115004443032,1.319196034733358,0.78280072591360517
0.59111223751293485,2.8428784264043063,-1.7156298444871143,0.91533162034633497,-1.4409680899883675,0.05693341889003966,1.3204449308233803,0.78577551378381538
0.59250688812989316,2.843288400167638,-1.7198012257851294,0.91385884533090711,-1.4419076348590658,0.058435594417752784,1.3215903886207421,0.78853738509639171
0.59410498373191889,2.8436765069747723,-1.7245477887727227,0.91281854192100964,-1.4429472114954236,0.0601323201845805,1.3226205391626624,0.79106741970772054
0.59592391970969805,2.8440466796225308,-1.7299183972703955,0.91225171770201485,-1.444097999098886,0.062048786701848123,1.3235215617798235,0.79334532115172018
0.59798253367075549,2.8444039350046988,-1.7359659767041797,0.91220246955426709,-1.4453730313834383,0.064214374898591164,1.324277309995239,0.79534931591724511
0.60030124533331364,2.8447546323429918,-1.742747910288202,0.91271823940311514,-1.4467875676118886,0.066663482424843684,1.3248688563457192,0.79705604509428385
0.60290220990277021,2.8451067900999258,-1.7503264734830981,0.9138500926133889,-1.4483595460731951,0.069436532692294217,1.325273936917136,0.79844044781942503
0.60580948505491017,2.8454704757506128,-1.7587693070118315,0.91565302034201257,-1.4501101394209304,0.072581209923914175,1.32546627174821,0.79947563589729509
